user_id,username,email,age,city
1,emilys,emily.johnson@x.dummyjson.com,28,Phoenix
2,michaelw,michael.williams@x.dummyjson.com,35,Houston
3,sophiab,sophia.brown@x.dummyjson.com,42,Houston
4,jamesd,james.davis@x.dummyjson.com,45,Seattle
5,emmaj,emma.miller@x.dummyjson.com,30,Jacksonville
6,oliviaw,olivia.wilson@x.dummyjson.com,22,Fort Worth
7,alexanderj,alexander.jones@x.dummyjson.com,38,Indianapolis
8,avat,ava.taylor@x.dummyjson.com,27,Fort Worth
9,ethanm,ethan.martinez@x.dummyjson.com,33,San Antonio
10,isabellad,isabella.anderson@x.dummyjson.co,31,New York
11,liamg,liam.garcia@x.dummyjson.com,29,Denver
12,miar,mia.rodriguez@x.dummyjson.com,24,Jacksonville
13,noahh,noah.hernandez@x.dummyjson.com,40,New York
14,charlottem,charlotte.lopez@x.dummyjson.com,36,Columbus
15,williamg,william.gonzalez@x.dummyjson.com,32,San Jose
16,averyp,avery.perez@x.dummyjson.com,25,Columbus
17,evelyns,evelyn.sanchez@x.dummyjson.com,37,San Diego
18,logant,logan.torres@x.dummyjson.com,31,Columbus
19,abigailr,abigail.rivera@x.dummyjson.com,28,Chicago
20,jacksone,jackson.evans@x.dummyjson.com,34,New York
21,madisonc,madison.collins@x.dummyjson.com,26,Philadelphia
22,elijahs,elijah.stewart@x.dummyjson.com,33,Columbus
23,chloem,chloe.morales@x.dummyjson.com,39,Dallas
24,mateon,mateo.nguyen@x.dummyjson.com,30,Columbus
25,harpere,harper.kelly@x.dummyjson.com,27,Philadelphia
26,evelyng,evelyn.gonzalez@x.dummyjson.com,35,Dallas
27,danielc,daniel.cook@x.dummyjson.com,41,Los Angeles
28,lilyb,lily.lee@x.dummyjson.com,29,Phoenix
29,henryh,henry.hill@x.dummyjson.com,38,Indianapolis
30,addisonw,addison.wright@x.dummyjson.com,32,San Francisco
31,gabriela,gabriel.adams@x.dummyjson.com,36,Charlotte
32,natalieh,natalie.harris@x.dummyjson.com,28,San Jose
33,carterb,carter.baker@x.dummyjson.com,31,Denver
34,sofiam,sofia.mitchell@x.dummyjson.com,25,San Francisco
35,jackw,jack.ward@x.dummyjson.com,29,Phoenix
36,harpert,harper.turner@x.dummyjson.com,33,Dallas
37,masonp,mason.parker@x.dummyjson.com,34,Seattle
38,ariar,aria.roberts@x.dummyjson.com,26,Seattle
39,lucasg,lucas.gray@x.dummyjson.com,30,Houston
40,ellaa,ella.adams@x.dummyjson.com,27,Washington
41,evanr,evan.reed@x.dummyjson.com,32,San Antonio
42,averyc,avery.carter@x.dummyjson.com,28,San Diego
43,benjaminf,benjamin.foster@x.dummyjson.com,34,San Diego
44,scarlettw,scarlett.wright@x.dummyjson.com,26,Phoenix
45,lincolnk,lincoln.kelly@x.dummyjson.com,30,Columbus
46,hannahr,hannah.robinson@x.dummyjson.com,29,Phoenix
47,nicholasb,nicholas.bailey@x.dummyjson.com,35,Chicago
48,lunar,luna.russell@x.dummyjson.com,27,San Diego
49,jacobc,jacob.cooper@x.dummyjson.com,31,Columbus
50,stellah,stella.hughes@x.dummyjson.com,33,Jacksonville
51,elib,eli.bennett@x.dummyjson.com,29,Jacksonville
52,gracep,grace.perry@x.dummyjson.com,26,Seattle
53,lucasgx,lucas.gordon@x.dummyjson.com,35,Los Angeles
54,avah,ava.harrison@x.dummyjson.com,28,San Antonio
55,owenf,owen.fisher@x.dummyjson.com,31,Chicago
56,samanthah,samantha.howard@x.dummyjson.com,30,Austin
57,nathand,nathan.dixon@x.dummyjson.com,34,Columbus
58,bellag,bella.grant@x.dummyjson.com,27,Dallas
59,ethanf,ethan.fletcher@x.dummyjson.com,33,Dallas
60,lillians,lillian.simmons@x.dummyjson.com,32,Phoenix
61,masonpx,mason.pearson@x.dummyjson.com,28,Phoenix
62,leahh,leah.henderson@x.dummyjson.com,26,Austin
63,loganl,logan.lawson@x.dummyjson.com,33,Chicago
64,averyb,avery.barnes@x.dummyjson.com,29,Philadelphia
65,calebp,caleb.perkins@x.dummyjson.com,30,Los Angeles
66,ariaf,aria.ferguson@x.dummyjson.com,27,San Diego
67,gabrielh,gabriel.hayes@x.dummyjson.com,34,San Jose
68,laylas,layla.sullivan@x.dummyjson.com,25,Denver
69,christopherw,christopher.west@x.dummyjson.com,31,Denver
70,zoen,zoe.nicholson@x.dummyjson.com,32,Jacksonville
71,nolanb,nolan.bryant@x.dummyjson.com,29,Jacksonville
72,victoriam,victoria.mcdonald@x.dummyjson.co,27,Austin
73,maxr,max.russell@x.dummyjson.com,34,Chicago
74,penelopeh,penelope.harper@x.dummyjson.com,28,Charlotte
75,ryang,ryan.graham@x.dummyjson.com,31,San Antonio
76,madelines,madeline.simpson@x.dummyjson.com,26,Los Angeles
77,jonathanp,jonathan.pierce@x.dummyjson.com,33,San Diego
78,eleanort,eleanor.tyler@x.dummyjson.com,30,San Antonio
79,isaacl,isaac.lawrence@x.dummyjson.com,32,Austin
80,hazelg,hazel.gardner@x.dummyjson.com,27,New York
81,austinh,austin.hudson@x.dummyjson.com,29,Los Angeles
82,lillianb,lillian.bishop@x.dummyjson.com,26,Jacksonville
83,dylanw,dylan.wells@x.dummyjson.com,34,Philadelphia
84,aaliyahh,aaliyah.hanson@x.dummyjson.com,28,Philadelphia
85,cameronb,cameron.burke@x.dummyjson.com,31,Denver
86,noram,nora.mills@x.dummyjson.com,26,San Jose
87,hunterg,hunter.gordon@x.dummyjson.com,33,Charlotte
88,aubreyw,aubrey.wagner@x.dummyjson.com,30,Phoenix
89,braydenf,brayden.fleming@x.dummyjson.com,32,Jacksonville
90,scarlettb,scarlett.bowman@x.dummyjson.com,27,New York
91,levih,levi.hicks@x.dummyjson.com,29,Phoenix
92,autumng,autumn.gomez@x.dummyjson.com,26,Dallas
93,juliann,julian.newton@x.dummyjson.com,34,Fort Worth
94,rubya,ruby.andrews@x.dummyjson.com,28,Dallas
95,miless,miles.stevenson@x.dummyjson.com,31,Charlotte
96,auroral,aurora.lawson@x.dummyjson.com,26,Dallas
97,oscarp,oscar.powers@x.dummyjson.com,33,Charlotte
98,clarab,clara.berry@x.dummyjson.com,30,Seattle
99,gavins,gavin.stanley@x.dummyjson.com,32,Houston
100,lilah,lila.hudson@x.dummyjson.com,27,Chicago
